[{"actual_date":"2025-01-01","actual_date_formatted":"01 Jan 2025","actual_day_of_week":"Wed","date":"2025-01-01","date_formatted":"01 Jan 2025","day_of_week":"Wed","description":"The first day of the Gregorian calendar year","is_observed":false,"name":"New Year's Day","national":true,"observed_date":"2025-01-01","states":["NSW","VIC","QLD","WA","SA","TAS","ACT","NT"],"type":"Public Holiday"},{"actual_date":"2025-01-08","actual_date_formatted":"08 Jan 2025","actual_day_of_week":"Wed","date":"2025-01-08","date_formatted":"08 Jan 2025","day_of_week":"Wed","description":"Horse racing carnival holiday in Devonport","is_observed":false,"name":"Devonport Cup","national":false,"observed_date":"2025-01-08","states":["TAS"],"type":"Public Holiday"},{"actual_date":"2025-01-26","actual_date_formatted":"26 Jan 2025","actual_day_of_week":"Sun","date":"2025-01-26","date_formatted":"27 Jan 2025","day_of_week":"Mon","description":"Commemorates the arrival of the First Fleet in 1788","is_observed":true,"name":"Australia Day","national":true,"observed_date":"2025-01-27","states":["NSW","VIC","QLD","WA","SA","TAS","ACT","NT"],"type":"Public Holiday"},{"actual_date":"2025-02-10","actual_date_formatted":"10 Feb 2025","actual_day_of_week":"Mon","date":"2025-02-10","date_formatted":"10 Feb 2025","day_of_week":"Mon","description":"Annual regatta holiday in Hobart","is_observed":false,"name":"Royal Hobart Regatta","national":false,"observed_date":"2025-02-10","states":["TAS"],"type":"Public Holiday"},{"actual_date":"2025-03-03","actual_date_formatted":"03 Mar 2025","actual_day_of_week":"Mon","date":"2025-03-03","date_formatted":"03 Mar 2025","day_of_week":"Mon","description":"Celebrates workers' rights and achievements","is_observed":false,"name":"Labour Day","national":false,"observed_date":"2025-03-03","states":["WA"],"type":"Public Holiday"},{"actual_date":"2025-03-10","actual_date_formatted":"10 Mar 2025","actual_day_of_week":"Mon","date":"2025-03-10","date_formatted":"10 Mar 2025","day_of_week":"Mon","description":"Celebrates workers' rights and achievements (Eight Hours Day)","is_observed":false,"name":"Eight Hours Day","national":false,"observed_date":"2025-03-10","states":["VIC","TAS"],"type":"Public Holiday"},{"actual_date":"2025-03-10","actual_date_formatted":"10 Mar 2025","actual_day_of_week":"Mon","date":"2025-03-10","date_formatted":"10 Mar 2025","day_of_week":"Mon","description":"Celebrates the founding of Canberra","is_observed":false,"name":"Canberra Day","national":false,"observed_date":"2025-03-10","states":["ACT"],"type":"Public Holiday"},{"actual_date":"2025-03-10","actual_date_formatted":"10 Mar 2025","actual_day_of_week":"Mon","date":"2025-03-10","date_formatted":"10 Mar 2025","day_of_week":"Mon","description":"Horse racing carnival holiday","is_observed":false,"name":"Adelaide Cup","national":false,"observed_date":"2025-03-10","states":["SA"],"type":"Public Holiday"},{"actual_date":"2025-04-18","actual_date_formatted":"18 Apr 2025","actual_day_of_week":"Fri","date":"2025-04-18","date_formatted":"18 Apr 2025","day_of_week":"Fri","description":"Christian holy day commemorating the crucifixion of Jesus","is_observed":false,"name":"Good Friday","national":true,"observed_date":"2025-04-18","states":["NSW","VIC","QLD","WA","SA","TAS","ACT","NT"],"type":"Public Holiday"},{"actual_date":"2025-04-19","actual_date_formatted":"19 Apr 2025","actual_day_of_week":"Sat","date":"2025-04-19","date_formatted":"21 Apr 2025","day_of_week":"Mon","description":"The day before Easter Sunday","is_observed":true,"name":"Easter Saturday","national":false,"observed_date":"2025-04-21","states":["NSW","VIC","QLD","SA","TAS","ACT","NT"],"type":"Public Holiday"},{"actual_date":"2025-04-20","actual_date_formatted":"20 Apr 2025","actual_day_of_week":"Sun","date":"2025-04-20","date_formatted":"21 Apr 2025","day_of_week":"Mon","description":"Christian celebration of the resurrection of Jesus","is_observed":true,"name":"Easter Sunday","national":false,"observed_date":"2025-04-21","states":["NSW","VIC","QLD","SA","TAS","ACT","NT"],"type":"Public Holiday"},{"actual_date":"2025-04-21","actual_date_formatted":"21 Apr 2025","actual_day_of_week":"Mon","date":"2025-04-21","date_formatted":"21 Apr 2025","day_of_week":"Mon","description":"The day after Easter Sunday","is_observed":false,"name":"Easter Monday","national":true,"observed_date":"2025-04-21","states":["NSW","VIC","QLD","WA","SA","TAS","ACT","NT"],"type":"Public Holiday"},{"actual_date":"2025-04-22","actual_date_formatted":"22 Apr 2025","actual_day_of_week":"Tue","date":"2025-04-22","date_formatted":"22 Apr 2025","day_of_week":"Tue","description":"Tuesday following Easter Monday (restricted public holiday)","is_observed":false,"name":"Easter Tuesday","national":false,"observed_date":"2025-04-22","states":["TAS"],"type":"Public Holiday"},{"actual_date":"2025-04-25","actual_date_formatted":"25 Apr 2025","actual_day_of_week":"Fri","date":"2025-04-25","date_formatted":"25 Apr 2025","day_of_week":"Fri","description":"Commemorates Australian and New Zealand Army Corps who served in Gallipoli","is_observed":false,"name":"Anzac Day","national":true,"observed_date":"2025-04-25","states":["NSW","VIC","QLD","WA","SA","TAS","ACT","NT"],"type":"Public Holiday"},{"actual_date":"2025-05-05","actual_date_formatted":"05 May 2025","actual_day_of_week":"Mon","date":"2025-05-05","date_formatted":"05 May 2025","day_of_week":"Mon","description":"Celebrates workers' rights and achievements","is_observed":false,"name":"Labour Day","national":false,"observed_date":"2025-05-05","states":["QLD","NT"],"type":"Public Holiday"},{"actual_date":"2025-06-02","actual_date_formatted":"02 Jun 2025","actual_day_of_week":"Mon","date":"2025-06-02","date_formatted":"02 Jun 2025","day_of_week":"Mon","description":"Celebrates Indigenous culture and reconciliation","is_observed":false,"name":"Reconciliation Day","national":false,"observed_date":"2025-06-02","states":["ACT"],"type":"Public Holiday"},{"actual_date":"2025-06-02","actual_date_formatted":"02 Jun 2025","actual_day_of_week":"Mon","date":"2025-06-02","date_formatted":"02 Jun 2025","day_of_week":"Mon","description":"Celebrates the founding of Western Australia","is_observed":false,"name":"Western Australia Day","national":false,"observed_date":"2025-06-02","states":["WA"],"type":"Public Holiday"},{"actual_date":"2025-06-09","actual_date_formatted":"09 Jun 2025","actual_day_of_week":"Mon","date":"2025-06-09","date_formatted":"09 Jun 2025","day_of_week":"Mon","description":"Celebrates the King's birthday","is_observed":false,"name":"King's Birthday","national":false,"observed_date":"2025-06-09","states":["NSW","VIC","SA","TAS","ACT","NT"],"type":"Public Holiday"},{"actual_date":"2025-07-04","actual_date_formatted":"04 Jul 2025","actual_day_of_week":"Fri","date":"2025-07-04","date_formatted":"04 Jul 2025","day_of_week":"Fri","description":"Agricultural show holiday in Alice Springs","is_observed":false,"name":"Alice Springs Show Day","national":false,"observed_date":"2025-07-04","states":["NT"],"type":"Public Holiday"},{"actual_date":"2025-07-11","actual_date_formatted":"11 Jul 2025","actual_day_of_week":"Fri","date":"2025-07-11","date_formatted":"11 Jul 2025","day_of_week":"Fri","description":"Agricultural show holiday in Tennant Creek","is_observed":false,"name":"Tennant Creek Show Day","national":false,"observed_date":"2025-07-11","states":["NT"],"type":"Public Holiday"},{"actual_date":"2025-07-18","actual_date_formatted":"18 Jul 2025","actual_day_of_week":"Fri","date":"2025-07-18","date_formatted":"18 Jul 2025","day_of_week":"Fri","description":"Agricultural show holiday in Katherine","is_observed":false,"name":"Katherine Show Day","national":false,"observed_date":"2025-07-18","states":["NT"],"type":"Public Holiday"},{"actual_date":"2025-07-25","actual_date_formatted":"25 Jul 2025","actual_day_of_week":"Fri","date":"2025-07-25","date_formatted":"25 Jul 2025","day_of_week":"Fri","description":"Agricultural show holiday in Darwin","is_observed":false,"name":"Darwin Show Day","national":false,"observed_date":"2025-07-25","states":["NT"],"type":"Public Holiday"},{"actual_date":"2025-08-04","actual_date_formatted":"04 Aug 2025","actual_day_of_week":"Mon","date":"2025-08-04","date_formatted":"04 Aug 2025","day_of_week":"Mon","description":"Regional holiday in Northern Territory","is_observed":false,"name":"Picnic Day","national":false,"observed_date":"2025-08-04","states":["NT"],"type":"Public Holiday"},{"actual_date":"2025-08-13","actual_date_formatted":"13 Aug 2025","actual_day_of_week":"Wed","date":"2025-08-13","date_formatted":"13 Aug 2025","day_of_week":"Wed","description":"Agricultural show holiday in Brisbane","is_observed":false,"name":"Royal National Agricultural Show","national":false,"observed_date":"2025-08-13","states":["QLD"],"type":"Public Holiday"},{"actual_date":"2025-09-25","actual_date_formatted":"25 Sep 2025","actual_day_of_week":"Thu","date":"2025-09-25","date_formatted":"25 Sep 2025","day_of_week":"Thu","description":"Agricultural show holiday in Melbourne","is_observed":false,"name":"Royal Melbourne Show","national":false,"observed_date":"2025-09-25","states":["VIC"],"type":"Public Holiday"},{"actual_date":"2025-09-26","actual_date_formatted":"26 Sep 2025","actual_day_of_week":"Fri","date":"2025-09-26","date_formatted":"26 Sep 2025","day_of_week":"Fri","description":"Friday before the AFL Grand Final","is_observed":false,"name":"AFL Grand Final Friday","national":false,"observed_date":"2025-09-26","states":["VIC"],"type":"Public Holiday"},{"actual_date":"2025-09-29","actual_date_formatted":"29 Sep 2025","actual_day_of_week":"Mon","date":"2025-09-29","date_formatted":"29 Sep 2025","day_of_week":"Mon","description":"Celebrates the King's birthday","is_observed":false,"name":"King's Birthday","national":false,"observed_date":"2025-09-29","states":["WA"],"type":"Public Holiday"},{"actual_date":"2025-10-06","actual_date_formatted":"06 Oct 2025","actual_day_of_week":"Mon","date":"2025-10-06","date_formatted":"06 Oct 2025","day_of_week":"Mon","description":"Celebrates the King's birthday","is_observed":false,"name":"King's Birthday","national":false,"observed_date":"2025-10-06","states":["QLD"],"type":"Public Holiday"},{"actual_date":"2025-10-06","actual_date_formatted":"06 Oct 2025","actual_day_of_week":"Mon","date":"2025-10-06","date_formatted":"06 Oct 2025","day_of_week":"Mon","description":"Celebrates workers' rights and achievements","is_observed":false,"name":"Labour Day","national":false,"observed_date":"2025-10-06","states":["NSW","ACT","SA"],"type":"Public Holiday"},{"actual_date":"2025-10-23","actual_date_formatted":"23 Oct 2025","actual_day_of_week":"Thu","date":"2025-10-23","date_formatted":"23 Oct 2025","day_of_week":"Thu","description":"Agricultural show holiday in Hobart","is_observed":false,"name":"Royal Hobart Show","national":false,"observed_date":"2025-10-23","states":["TAS"],"type":"Public Holiday"},{"actual_date":"2025-11-03","actual_date_formatted":"03 Nov 2025","actual_day_of_week":"Mon","date":"2025-11-03","date_formatted":"03 Nov 2025","day_of_week":"Mon","description":"Regional holiday in Northern Tasmania","is_observed":false,"name":"Recreation Day","national":false,"observed_date":"2025-11-03","states":["TAS"],"type":"Public Holiday"},{"actual_date":"2025-11-04","actual_date_formatted":"04 Nov 2025","actual_day_of_week":"Tue","date":"2025-11-04","date_formatted":"04 Nov 2025","day_of_week":"Tue","description":"Famous horse race day","is_observed":false,"name":"Melbourne Cup","national":false,"observed_date":"2025-11-04","states":["VIC"],"type":"Public Holiday"},{"actual_date":"2025-12-25","actual_date_formatted":"25 Dec 2025","actual_day_of_week":"Thu","date":"2025-12-25","date_formatted":"25 Dec 2025","day_of_week":"Thu","description":"Christian celebration of the birth of Jesus","is_observed":false,"name":"Christmas Day","national":true,"observed_date":"2025-12-25","states":["NSW","VIC","QLD","WA","SA","TAS","ACT","NT"],"type":"Public Holiday"},{"actual_date":"2025-12-26","actual_date_formatted":"26 Dec 2025","actual_day_of_week":"Fri","date":"2025-12-26","date_formatted":"26 Dec 2025","day_of_week":"Fri","description":"Traditional holiday following Christmas Day","is_observed":false,"name":"Boxing Day","national":true,"observed_date":"2025-12-26","states":["NSW","VIC","QLD","WA","SA","TAS","ACT","NT"],"type":"Public Holiday"},{"actual_date":"2025-12-26","actual_date_formatted":"26 Dec 2025","actual_day_of_week":"Fri","date":"2025-12-26","date_formatted":"26 Dec 2025","day_of_week":"Fri","description":"Celebrates the proclamation of South Australia","is_observed":false,"name":"Proclamation Day","national":false,"observed_date":"2025-12-26","states":["SA"],"type":"Public Holiday"}]