[{"actual_date":"2026-01-01","actual_date_formatted":"01 Jan 2026","actual_day_of_week":"Thu","date":"2026-01-01","date_formatted":"01 Jan 2026","day_of_week":"Thu","description":"The first day of the Gregorian calendar year","is_observed":false,"name":"New Year's Day","national":true,"observed_date":"2026-01-01","states":["NSW","VIC","QLD","WA","SA","TAS","ACT","NT"],"type":"Public Holiday"},{"actual_date":"2026-01-07","actual_date_formatted":"07 Jan 2026","actual_day_of_week":"Wed","date":"2026-01-07","date_formatted":"07 Jan 2026","day_of_week":"Wed","description":"Horse racing carnival holiday in Devonport","is_observed":false,"name":"Devonport Cup","national":false,"observed_date":"2026-01-07","states":["TAS"],"type":"Public Holiday"},{"actual_date":"2026-01-26","actual_date_formatted":"26 Jan 2026","actual_day_of_week":"Mon","date":"2026-01-26","date_formatted":"26 Jan 2026","day_of_week":"Mon","description":"Commemorates the arrival of the First Fleet in 1788","is_observed":false,"name":"Australia Day","national":true,"observed_date":"2026-01-26","states":["NSW","VIC","QLD","WA","SA","TAS","ACT","NT"],"type":"Public Holiday"},{"actual_date":"2026-02-09","actual_date_formatted":"09 Feb 2026","actual_day_of_week":"Mon","date":"2026-02-09","date_formatted":"09 Feb 2026","day_of_week":"Mon","description":"Annual regatta holiday in Hobart","is_observed":false,"name":"Royal Hobart Regatta","national":false,"observed_date":"2026-02-09","states":["TAS"],"type":"Public Holiday"},{"actual_date":"2026-03-02","actual_date_formatted":"02 Mar 2026","actual_day_of_week":"Mon","date":"2026-03-02","date_formatted":"02 Mar 2026","day_of_week":"Mon","description":"Celebrates workers' rights and achievements","is_observed":false,"name":"Labour Day","national":false,"observed_date":"2026-03-02","states":["WA"],"type":"Public Holiday"},{"actual_date":"2026-03-09","actual_date_formatted":"09 Mar 2026","actual_day_of_week":"Mon","date":"2026-03-09","date_formatted":"09 Mar 2026","day_of_week":"Mon","description":"Celebrates workers' rights and achievements (Eight Hours Day)","is_observed":false,"name":"Eight Hours Day","national":false,"observed_date":"2026-03-09","states":["VIC","TAS"],"type":"Public Holiday"},{"actual_date":"2026-03-09","actual_date_formatted":"09 Mar 2026","actual_day_of_week":"Mon","date":"2026-03-09","date_formatted":"09 Mar 2026","day_of_week":"Mon","description":"Celebrates the founding of Canberra","is_observed":false,"name":"Canberra Day","national":false,"observed_date":"2026-03-09","states":["ACT"],"type":"Public Holiday"},{"actual_date":"2026-03-09","actual_date_formatted":"09 Mar 2026","actual_day_of_week":"Mon","date":"2026-03-09","date_formatted":"09 Mar 2026","day_of_week":"Mon","description":"Horse racing carnival holiday","is_observed":false,"name":"Adelaide Cup","national":false,"observed_date":"2026-03-09","states":["SA"],"type":"Public Holiday"},{"actual_date":"2026-04-03","actual_date_formatted":"03 Apr 2026","actual_day_of_week":"Fri","date":"2026-04-03","date_formatted":"03 Apr 2026","day_of_week":"Fri","description":"Christian holy day commemorating the crucifixion of Jesus","is_observed":false,"name":"Good Friday","national":true,"observed_date":"2026-04-03","states":["NSW","VIC","QLD","WA","SA","TAS","ACT","NT"],"type":"Public Holiday"},{"actual_date":"2026-04-04","actual_date_formatted":"04 Apr 2026","actual_day_of_week":"Sat","date":"2026-04-04","date_formatted":"06 Apr 2026","day_of_week":"Mon","description":"The day before Easter Sunday","is_observed":true,"name":"Easter Saturday","national":false,"observed_date":"2026-04-06","states":["NSW","VIC","QLD","SA","TAS","ACT","NT"],"type":"Public Holiday"},{"actual_date":"2026-04-05","actual_date_formatted":"05 Apr 2026","actual_day_of_week":"Sun","date":"2026-04-05","date_formatted":"06 Apr 2026","day_of_week":"Mon","description":"Christian celebration of the resurrection of Jesus","is_observed":true,"name":"Easter Sunday","national":false,"observed_date":"2026-04-06","states":["NSW","VIC","QLD","SA","TAS","ACT","NT"],"type":"Public Holiday"},{"actual_date":"2026-04-06","actual_date_formatted":"06 Apr 2026","actual_day_of_week":"Mon","date":"2026-04-06","date_formatted":"06 Apr 2026","day_of_week":"Mon","description":"The day after Easter Sunday","is_observed":false,"name":"Easter Monday","national":true,"observed_date":"2026-04-06","states":["NSW","VIC","QLD","WA","SA","TAS","ACT","NT"],"type":"Public Holiday"},{"actual_date":"2026-04-07","actual_date_formatted":"07 Apr 2026","actual_day_of_week":"Tue","date":"2026-04-07","date_formatted":"07 Apr 2026","day_of_week":"Tue","description":"Tuesday following Easter Monday (restricted public holiday)","is_observed":false,"name":"Easter Tuesday","national":false,"observed_date":"2026-04-07","states":["TAS"],"type":"Public Holiday"},{"actual_date":"2026-04-25","actual_date_formatted":"25 Apr 2026","actual_day_of_week":"Sat","date":"2026-04-25","date_formatted":"27 Apr 2026","day_of_week":"Mon","description":"Commemorates Australian and New Zealand Army Corps who served in Gallipoli","is_observed":true,"name":"Anzac Day","national":true,"observed_date":"2026-04-27","states":["NSW","VIC","QLD","WA","SA","TAS","ACT","NT"],"type":"Public Holiday"},{"actual_date":"2026-05-04","actual_date_formatted":"04 May 2026","actual_day_of_week":"Mon","date":"2026-05-04","date_formatted":"04 May 2026","day_of_week":"Mon","description":"Celebrates workers' rights and achievements","is_observed":false,"name":"Labour Day","national":false,"observed_date":"2026-05-04","states":["QLD","NT"],"type":"Public Holiday"},{"actual_date":"2026-06-01","actual_date_formatted":"01 Jun 2026","actual_day_of_week":"Mon","date":"2026-06-01","date_formatted":"01 Jun 2026","day_of_week":"Mon","description":"Celebrates Indigenous culture and reconciliation","is_observed":false,"name":"Reconciliation Day","national":false,"observed_date":"2026-06-01","states":["ACT"],"type":"Public Holiday"},{"actual_date":"2026-06-01","actual_date_formatted":"01 Jun 2026","actual_day_of_week":"Mon","date":"2026-06-01","date_formatted":"01 Jun 2026","day_of_week":"Mon","description":"Celebrates the founding of Western Australia","is_observed":false,"name":"Western Australia Day","national":false,"observed_date":"2026-06-01","states":["WA"],"type":"Public Holiday"},{"actual_date":"2026-06-08","actual_date_formatted":"08 Jun 2026","actual_day_of_week":"Mon","date":"2026-06-08","date_formatted":"08 Jun 2026","day_of_week":"Mon","description":"Celebrates the King's birthday","is_observed":false,"name":"King's Birthday","national":false,"observed_date":"2026-06-08","states":["NSW","VIC","SA","TAS","ACT","NT"],"type":"Public Holiday"},{"actual_date":"2026-07-03","actual_date_formatted":"03 Jul 2026","actual_day_of_week":"Fri","date":"2026-07-03","date_formatted":"03 Jul 2026","day_of_week":"Fri","description":"Agricultural show holiday in Alice Springs","is_observed":false,"name":"Alice Springs Show Day","national":false,"observed_date":"2026-07-03","states":["NT"],"type":"Public Holiday"},{"actual_date":"2026-07-10","actual_date_formatted":"10 Jul 2026","actual_day_of_week":"Fri","date":"2026-07-10","date_formatted":"10 Jul 2026","day_of_week":"Fri","description":"Agricultural show holiday in Tennant Creek","is_observed":false,"name":"Tennant Creek Show Day","national":false,"observed_date":"2026-07-10","states":["NT"],"type":"Public Holiday"},{"actual_date":"2026-07-17","actual_date_formatted":"17 Jul 2026","actual_day_of_week":"Fri","date":"2026-07-17","date_formatted":"17 Jul 2026","day_of_week":"Fri","description":"Agricultural show holiday in Katherine","is_observed":false,"name":"Katherine Show Day","national":false,"observed_date":"2026-07-17","states":["NT"],"type":"Public Holiday"},{"actual_date":"2026-07-24","actual_date_formatted":"24 Jul 2026","actual_day_of_week":"Fri","date":"2026-07-24","date_formatted":"24 Jul 2026","day_of_week":"Fri","description":"Agricultural show holiday in Darwin","is_observed":false,"name":"Darwin Show Day","national":false,"observed_date":"2026-07-24","states":["NT"],"type":"Public Holiday"},{"actual_date":"2026-08-03","actual_date_formatted":"03 Aug 2026","actual_day_of_week":"Mon","date":"2026-08-03","date_formatted":"03 Aug 2026","day_of_week":"Mon","description":"Regional holiday in Northern Territory","is_observed":false,"name":"Picnic Day","national":false,"observed_date":"2026-08-03","states":["NT"],"type":"Public Holiday"},{"actual_date":"2026-08-12","actual_date_formatted":"12 Aug 2026","actual_day_of_week":"Wed","date":"2026-08-12","date_formatted":"12 Aug 2026","day_of_week":"Wed","description":"Agricultural show holiday in Brisbane","is_observed":false,"name":"Royal National Agricultural Show","national":false,"observed_date":"2026-08-12","states":["QLD"],"type":"Public Holiday"},{"actual_date":"2026-09-24","actual_date_formatted":"24 Sep 2026","actual_day_of_week":"Thu","date":"2026-09-24","date_formatted":"24 Sep 2026","day_of_week":"Thu","description":"Agricultural show holiday in Melbourne","is_observed":false,"name":"Royal Melbourne Show","national":false,"observed_date":"2026-09-24","states":["VIC"],"type":"Public Holiday"},{"actual_date":"2026-09-28","actual_date_formatted":"28 Sep 2026","actual_day_of_week":"Mon","date":"2026-09-28","date_formatted":"28 Sep 2026","day_of_week":"Mon","description":"Celebrates the King's birthday","is_observed":false,"name":"King's Birthday","national":false,"observed_date":"2026-09-28","states":["WA"],"type":"Public Holiday"},{"actual_date":"2026-10-05","actual_date_formatted":"05 Oct 2026","actual_day_of_week":"Mon","date":"2026-10-05","date_formatted":"05 Oct 2026","day_of_week":"Mon","description":"Celebrates workers' rights and achievements","is_observed":false,"name":"Labour Day","national":false,"observed_date":"2026-10-05","states":["NSW","ACT","SA"],"type":"Public Holiday"},{"actual_date":"2026-10-05","actual_date_formatted":"05 Oct 2026","actual_day_of_week":"Mon","date":"2026-10-05","date_formatted":"05 Oct 2026","day_of_week":"Mon","description":"Celebrates the King's birthday","is_observed":false,"name":"King's Birthday","national":false,"observed_date":"2026-10-05","states":["QLD"],"type":"Public Holiday"},{"actual_date":"2026-10-22","actual_date_formatted":"22 Oct 2026","actual_day_of_week":"Thu","date":"2026-10-22","date_formatted":"22 Oct 2026","day_of_week":"Thu","description":"Agricultural show holiday in Hobart","is_observed":false,"name":"Royal Hobart Show","national":false,"observed_date":"2026-10-22","states":["TAS"],"type":"Public Holiday"},{"actual_date":"2026-11-02","actual_date_formatted":"02 Nov 2026","actual_day_of_week":"Mon","date":"2026-11-02","date_formatted":"02 Nov 2026","day_of_week":"Mon","description":"Regional holiday in Northern Tasmania","is_observed":false,"name":"Recreation Day","national":false,"observed_date":"2026-11-02","states":["TAS"],"type":"Public Holiday"},{"actual_date":"2026-11-03","actual_date_formatted":"03 Nov 2026","actual_day_of_week":"Tue","date":"2026-11-03","date_formatted":"03 Nov 2026","day_of_week":"Tue","description":"Famous horse race day","is_observed":false,"name":"Melbourne Cup","national":false,"observed_date":"2026-11-03","states":["VIC"],"type":"Public Holiday"},{"actual_date":"2026-12-25","actual_date_formatted":"25 Dec 2026","actual_day_of_week":"Fri","date":"2026-12-25","date_formatted":"25 Dec 2026","day_of_week":"Fri","description":"Christian celebration of the birth of Jesus","is_observed":false,"name":"Christmas Day","national":true,"observed_date":"2026-12-25","states":["NSW","VIC","QLD","WA","SA","TAS","ACT","NT"],"type":"Public Holiday"},{"actual_date":"2026-12-26","actual_date_formatted":"26 Dec 2026","actual_day_of_week":"Sat","date":"2026-12-26","date_formatted":"28 Dec 2026","day_of_week":"Mon","description":"Traditional holiday following Christmas Day","is_observed":true,"name":"Boxing Day","national":true,"observed_date":"2026-12-28","states":["NSW","VIC","QLD","WA","SA","TAS","ACT","NT"],"type":"Public Holiday"},{"actual_date":"2026-12-26","actual_date_formatted":"26 Dec 2026","actual_day_of_week":"Sat","date":"2026-12-26","date_formatted":"28 Dec 2026","day_of_week":"Mon","description":"Celebrates the proclamation of South Australia","is_observed":true,"name":"Proclamation Day","national":false,"observed_date":"2026-12-28","states":["SA"],"type":"Public Holiday"}]